RUBRIEK;INVENTARISNUMMER;SERIENUMMER;TITLE;WRITER;AANTAL SCANS;STATUS
8;173;KLAF00792;173_KLAF00792;JAN FRANSSEN BRUIJNINGH;110;GT
20;494;A26620;494_A26620;JACOB JANSZ WESTFRISIUS;284;GT
20;509;A21956;509_A21956;JACOB JANSZ WESTFRISIUS;282;GT
48;1165;A14251;1165_A14251;JOOST VAN DE VEN;285;GT
49;1183;NOTG00415;1183_NOTG00415;JAN DE VOS;134;GT
54;1278;A31203;1278_A31203;HENDRIK SCHAEF;212;HTR
54;1279;A30746;1279_A30746;HENDRIK SCHAEF;87;GT
54;1280;A30768;1280_A30768;HENDRIK SCHAEF;199;GT
54;1281;A30761;1281_A30761;HENDRIK SCHAEF;76;GT
54;1282;A30772;1282_A30772;HENDRIK SCHAEF;90;GT
54;1283;A20362;1283_A20362;HENDRIK SCHAEF;142;GT
54;1284;A30708;1284_A30708;HENDRIK SCHAEF;96;GT
54;1285;KLAB05520;1285_KLAB05520;HENDRIK SCHAEF;190;GT
54;1286;KLAB05528;1286_KLAB05528;HENDRIK SCHAEF;50;GT
54;1287;KLAB05564;1287_KLAB05564;HENDRIK SCHAEF;195;HTR
54;1288;KLAB05555;1288_KLAB05555;HENDRIK SCHAEF;72;HTR
54;1289;KLAB05562;1289_KLAB05562;HENDRIK SCHAEF;202;HTR
54;1290;KLAB04784;1290_KLAB04784;HENDRIK SCHAEF;69;HTR
54;1291;KLAB04820;1291_KLAB04820;HENDRIK SCHAEF;210;HTR
54;1292;KLAB04762;1292_KLAB04762;HENDRIK SCHAEF;52;GT
54;1293;KLAB04781;1293_KLAB04781;HENDRIK SCHAEF;241;HTR
54;1294;A26669;1294_A26669;HENDRIK SCHAEF;230;HTR
54;1295;KLAC01164;1295_KLAC01164;HENDRIK SCHAEF;247;HTR
54;1296;KLAB03099;1296_KLAB03099;HENDRIK SCHAEF;247;HTR
54;1297;A30998;1297_A30998;HENDRIK SCHAEF;59;HTR
54;1298;KLAC01212;1298_KLAC01212;HENDRIK SCHAEF;238;HTR
54;1299;KLAC01194;1299_KLAC01194;HENDRIK SCHAEF;55;HTR
54;1300;KLAD01885;1300_KLAD01885;HENDRIK SCHAEF;272;HTR
54;1301;KLAD01840;1301_KLAD01840;HENDRIK SCHAEF;254;HTR
54;1302;KLAD01900;1302_KLAD01900;HENDRIK SCHAEF;55;GT
54;1303;KLAD01899;1303_KLAD01899;HENDRIK SCHAEF;286;HTR
54;1304;KLAD01887;1304_KLAD01887;HENDRIK SCHAEF;297;HTR
54;1305;KLAD01893;1305_KLAD01893;HENDRIK SCHAEF;149;HTR
54;1306;A32698;1306_A32698;HENDRIK SCHAEF;269;HTR
54;1307;KLAD01877;1307_KLAD01877;HENDRIK SCHAEF;148;HTR
54;1308;A24966;1308_A24966;HENDRIK SCHAEF;125;HTR
54;1309;A20373;1309_A20373;HENDRIK SCHAEF;52;HTR
54;1310;A23644;1310_A23644;HENDRIK SCHAEF;326;HTR
54;1311;NOTG00054;1311_NOTG00054;HENDRIK SCHAEF;432;HTR
54;1312;A23645;1312_A23645;HENDRIK SCHAEF;370;HTR
54;1313;A23646;1313_A23646;HENDRIK SCHAEF;243;HTR
54;1314;A23647;1314_A23647;HENDRIK SCHAEF;253;HTR
54;1315;A23648;1315_A23648;HENDRIK SCHAEF;156;HTR
54;1316;A23649;1316_A23649;HENDRIK SCHAEF;108;HTR
54;1317;A23650;1317_A23650;HENDRIK SCHAEF;249;HTR
54;1318;A23651;1318_A23651;HENDRIK SCHAEF;197;HTR
54;1319;A23652;1319_A23652;HENDRIK SCHAEF;179;HTR
54;1320;A23653;1320_A23653;HENDRIK SCHAEF;222;HTR
54;1321;A23654;1321_A23654;HENDRIK SCHAEF;199;HTR
54;1322;A23655;1322_A23655;HENDRIK SCHAEF;229;HTR
54;1323;A23656;1323_A23656;HENDRIK SCHAEF;239;HTR
54;1324;A23657;1324_A23657;HENDRIK SCHAEF;124;HTR
54;1325;A23658;1325_A23658;HENDRIK SCHAEF;242;HTR
54;1326;A23659;1326_A23659;HENDRIK SCHAEF;88;HTR
54;1327;A23660;1327_A23660;HENDRIK SCHAEF;66;HTR
54;1328;A23661;1328_A23661;HENDRIK SCHAEF;46;HTR
54;1329;A20015;1329_A20015;HENDRIK SCHAEF;147;HTR
54;1330;KLAG03343;1330_KLAG03343;HENDRIK SCHAEF;135;HTR
54;1331;KLAD01971;1331_KLAD01971;HENDRIK SCHAEF;60;HTR
54;1332;A33628;1332_A33628;HENDRIK SCHAEF;157;HTR
54;1333;A16607;1333_A16607;HENDRIK SCHAEF;92;HTR
54;1334;A16608;1334_A16608;HENDRIK SCHAEF;75;HTR
54;1335;A16128;1335_A16128;HENDRIK SCHAEF;121;HTR
54;1336;A33621;1336_A33621;HENDRIK SCHAEF;100;HTR
54;1337;A33642;1337_A33642;HENDRIK SCHAEF;104;HTR
54;1338;KLAD02241;1338_KLAD02241;HENDRIK SCHAEF;103;HTR
54;1339;KLAD02233;1339_KLAD02233;HENDRIK SCHAEF;123;HTR
54;1340;KLAD02222;1340_KLAD02222;HENDRIK SCHAEF;117;HTR
54;1341;A33641;1341_A33641;HENDRIK SCHAEF;92;HTR
54;1342;KLAD02194;1342_KLAD02194;HENDRIK SCHAEF;107;HTR
54;1343;KLAD02179;1343_KLAD02179;HENDRIK SCHAEF;106;HTR
54;1344;KLAG05131;1344_KLAG05131;HENDRIK SCHAEF;32;HTR
54;1345;KLAD01958;1345_KLAD01958;HENDRIK SCHAEF;121;HTR
54;1346;A16039;1346_A16039;HENDRIK SCHAEF;107;HTR
54;1347;KLAD01984;1347_KLAD01984;HENDRIK SCHAEF;110;HTR
54;1348;KLAD01959;1348_KLAD01959;HENDRIK SCHAEF;37;HTR
54;1349;KLAD01982;1349_KLAD01982;HENDRIK SCHAEF;104;HTR
54;1350;KLAG05101;1350_KLAG05101;HENDRIK SCHAEF;31;HTR
54;1351;KLAD01930;1351_KLAD01930;HENDRIK SCHAEF;76;HTR
54;1352;A20014;1352_A20014;HENDRIK SCHAEF;103;HTR
54;1353;KLAD01960;1353_KLAD01960;HENDRIK SCHAEF;90;HTR
54;1354;KLAD01983;1354_KLAD01983;HENDRIK SCHAEF;98;HTR
54;1355;A32419;1355_A32419;HENDRIK SCHAEF;142;HTR
54;1356;A32406;1356_A32406;HENDRIK SCHAEF;73;HTR
54;1357;A32396;1357_A32396;HENDRIK SCHAEF;143;HTR
54;1358;A33853;1358_A33853;HENDRIK SCHAEF;148;HTR
54;1359;A16581;1359_A16581;HENDRIK SCHAEF;144;HTR
54;1360;A26673;1360_A26673;HENDRIK SCHAEF;140;HTR
54;1361;A24963;1361_A24963;HENDRIK SCHAEF;147;HTR
54;1362;A26736;1362_A26736;HENDRIK SCHAEF;143;HTR
54;1363;A26720;1363_A26720;HENDRIK SCHAEF;143;HTR
54;1364;A33864;1364_A33864;HENDRIK SCHAEF;141;HTR
54;1365;A33852;1365_A33852;HENDRIK SCHAEF;63;HTR
54;1366;A30981;1366_A30981;HENDRIK SCHAEF;144;HTR
54;1367;KLAD01936;1367_KLAD01936;HENDRIK SCHAEF;128;HTR
54;1368;KLAD01978;1368_KLAD01978;HENDRIK SCHAEF;144;HTR
54;1369;A25702;1369_A25702;HENDRIK SCHAEF;142;HTR
54;1370;KLAD01948;1370_KLAD01948;HENDRIK SCHAEF;61;HTR
54;1371;KLAD01928;1371_KLAD01928;HENDRIK SCHAEF;141;HTR
54;1372;KLAD01927;1372_KLAD01927;HENDRIK SCHAEF;48;HTR
54;1374;KLAD02350;1374_KLAD02350;HENDRIK SCHAEF;105;HTR
54;1375;KLAD01555;1375_KLAD01555;HENDRIK SCHAEF;87;HTR
54;1376;KLAD01549;1376_KLAD01549;HENDRIK SCHAEF;75;HTR
54;1377;A20429;1377_A20429;HENDRIK SCHAEF;144;HTR
54;1378;A30705;1378_A30705;HENDRIK SCHAEF;119;HTR
54;1379;KLAD01539;1379_KLAD01539;HENDRIK SCHAEF;59;HTR
54;1380;KLAD01532;1380_KLAD01532;HENDRIK SCHAEF;85;HTR
54;1381;KLAD01557;1381_KLAD01557;HENDRIK SCHAEF;103;HTR
54;1382;A16415;1382_A16415;HENDRIK SCHAEF;70;HTR
54;1383;KLAD01545;1383_KLAD01545;HENDRIK SCHAEF;90;HTR
54;1384;A23539;1384_A23539;HENDRIK SCHAEF;123;HTR
54;1385;KLAD02331;1385_KLAD02331;HENDRIK SCHAEF;103;HTR
54;1386;KLAD02349;1386_KLAD02349;HENDRIK SCHAEF;95;HTR
54;1387;A31025;1387_A31025;HENDRIK SCHAEF;104;HTR
54;1388;KLAD02306;1388_KLAD02306;HENDRIK SCHAEF;94;HTR
54;1389;KLAD03198;1389_KLAD03198;HENDRIK SCHAEF;136;HTR
54;1390;KLAD03197;1390_KLAD03197;HENDRIK SCHAEF;101;HTR
54;1391;KLAD03196;1391_KLAD03196;HENDRIK SCHAEF;85;HTR
54;1392;KLAD03195;1392_KLAD03195;HENDRIK SCHAEF;124;HTR
54;1393;KLAD03194;1393_KLAD03194;HENDRIK SCHAEF;134;HTR
54;1394;KLAD03363;1394_KLAD03363;HENDRIK SCHAEF;77;HTR
54;1395;KLAD03391;1395_KLAD03391;HENDRIK SCHAEF;97;HTR
54;1396;KLAD03375;1396_KLAD03375;HENDRIK SCHAEF;98;HTR
54;1397;KLAD03352;1397_KLAD03352;HENDRIK SCHAEF;86;HTR
54;1398;KLAD03522;1398_KLAD03522;HENDRIK SCHAEF;102;HTR
54;1399;NOTD00099;1399_NOTD00099;HENDRIK SCHAEF;98;HTR
54;1400;NOTD00100;1400_NOTD00100;HENDRIK SCHAEF;65;HTR
54;1401;A31068;1401_A31068;HENDRIK SCHAEF;95;HTR
54;1402;KLAG05092;1402_KLAG05092;HENDRIK SCHAEF;43;HTR
54;1403;NOTD00101;1403_NOTD00101;HENDRIK SCHAEF;119;HTR
54;1404;NOTD00102;1404_NOTD00102;HENDRIK SCHAEF;29;HTR
54;1405;NOTD00103;1405_NOTD00103;HENDRIK SCHAEF;90;HTR
54;1406;NOTD00104;1406_NOTD00104;HENDRIK SCHAEF;71;HTR
57;1496;NOTJ01398;1496_NOTJ01398;GILLES BORSSELAER;83;GT
98;2278;A16097;2278_A16097;JACOB DE WINTER;229;HTR
98;2279;A20009;2279_A20009;JACOB DE WINTER;244;HTR
98;2280;A16099;2280_A16099;JACOB DE WINTER;286;HTR
98;2281;NOTD00185;2281_NOTD00185;JACOB DE WINTER;262;HTR
98;2282;A20713;2282_A20713;JACOB DE WINTER;242;HTR
98;2283;KLAD01654;2283_KLAD01654;JACOB DE WINTER;262;HTR
98;2284;NOTC00101;2284_NOTC00101;JACOB DE WINTER;281;HTR
98;2285;NOTD00186;2285_NOTD00186;JACOB DE WINTER;252;HTR
98;2286;NOTD00187;2286_NOTD00187;JACOB DE WINTER;262;HTR
98;2287;NOTD00188;2287_NOTD00188;JACOB DE WINTER;259;HTR
98;2288;NOTD00189;2288_NOTD00189;JACOB DE WINTER;258;HTR
98;2289;KLAB02710;2289_KLAB02710;JACOB DE WINTER;202;HTR
98;2290;A24452;2290_A24452;JACOB DE WINTER;200;HTR
98;2291;NOTD00190;2291_NOTD00190;JACOB DE WINTER;210;HTR
98;2292;KLAD02772;2292_KLAD02772;JACOB DE WINTER;216;HTR
98;2293;NOTD00191;2293_NOTD00191;JACOB DE WINTER;203;HTR
98;2294;NOTD00192;2294_NOTD00192;JACOB DE WINTER;230;HTR
98;2295;NOTD00193;2295_NOTD00193;JACOB DE WINTER;224;HTR
98;2296;A29075;2296_A29075;JACOB DE WINTER;209;HTR
98;2297;NOTD00194;2297_NOTD00194;JACOB DE WINTER;217;HTR
98;2298;NOTD00195;2298_NOTD00195;JACOB DE WINTER;235;HTR
98;2299;NOTD00196;2299_NOTD00196;JACOB DE WINTER;269;HTR
98;2300;A31799;2300_A31799;JACOB DE WINTER;231;HTR
98;2301;KLAC03415;2301_KLAC03415;JACOB DE WINTER;254;HTR
98;2302;NOTD00197;2302_NOTD00197;JACOB DE WINTER;285;HTR
98;2303;NOTD00198;2303_NOTD00198;JACOB DE WINTER;238;HTR
98;2304;NOTD00199;2304_NOTD00199;JACOB DE WINTER;214;HTR
98;2305;A34713;2305_A34713;JACOB DE WINTER;276;HTR
98;2306;NOTD00200;2306_NOTD00200;JACOB DE WINTER;275;HTR
98;2307;NOTD00201;2307_NOTD00201;JACOB DE WINTER;110;HTR
98;2308;NOTD00202;2308_NOTD00202;JACOB DE WINTER;259;HTR
98;2309;NOTD00203;2309_NOTD00203;JACOB DE WINTER;283;HTR
98;2310;NOTD00204;2310_NOTD00204;JACOB DE WINTER;350;HTR
98;2311;NOTD00205;2311_NOTD00205;JACOB DE WINTER;277;HTR
98;2312;NOTD00206;2312_NOTD00206;JACOB DE WINTER;183;HTR
98;2313;NOTD00207;2313_NOTD00207;JACOB DE WINTER;232;HTR
98;2314;NOTD00208;2314_NOTD00208;JACOB DE WINTER;237;HTR
98;2315;NOTD00209;2315_NOTD00209;JACOB DE WINTER;311;HTR
98;2316;A29605;2316_A29605;JACOB DE WINTER;225;HTR
98;2317;A29656;2317_A29656;JACOB DE WINTER;314;HTR
98;2318;A29123;2318_A29123;JACOB DE WINTER;284;HTR
98;2319;A34697;2319_A34697;JACOB DE WINTER;242;HTR
98;2320;A34715;2320_A34715;JACOB DE WINTER;278;HTR
98;2321;A35194;2321_A35194;JACOB DE WINTER;245;HTR
98;2322;A29087;2322_A29087;JACOB DE WINTER;214;HTR
98;2323;A28593;2323_A28593;JACOB DE WINTER;339;HTR
98;2324;KLAB08709;2324_KLAB08709;JACOB DE WINTER;292;HTR
98;2325;KLAB03356;2325_KLAB03356;JACOB DE WINTER;283;HTR
98;2326;KLAB03742;2326_KLAB03742;JACOB DE WINTER;238;HTR
98;2327;NOTD00210;2327_NOTD00210;JACOB DE WINTER;255;HTR
98;2328;NOTD00211;2328_NOTD00211;JACOB DE WINTER;248;HTR
98;2329;A34707;2329_A34707;JACOB DE WINTER;176;HTR
98;2330;NOTD00212;2330_NOTD00212;JACOB DE WINTER;284;HTR
98;2331;NOTD00213;2331_NOTD00213;JACOB DE WINTER;241;HTR
98;2332;NOTD00214;2332_NOTD00214;JACOB DE WINTER;293;HTR
98;2333;NOTD00215;2333_NOTD00215;JACOB DE WINTER;246;HTR
98;2334;NOTD00216;2334_NOTD00216;JACOB DE WINTER;159;HTR
98;2335;NOTD00217;2335_NOTD00217;JACOB DE WINTER;209;HTR
98;2336;NOTD00218;2336_NOTD00218;JACOB DE WINTER;182;HTR
98;2337;NOTD00219;2337_NOTD00219;JACOB DE WINTER;140;HTR
98;2338;NOTD00220;2338_NOTD00220;JACOB DE WINTER;204;HTR
98;2339;NOTD00221;2339_NOTD00221;JACOB DE WINTER;180;HTR
98;2340;NOTD00222;2340_NOTD00222;JACOB DE WINTER;159;HTR
98;2341;NOTD00223;2341_NOTD00223;JACOB DE WINTER;213;HTR
98;2342;NOTD00224;2342_NOTD00224;JACOB DE WINTER;211;HTR
98;2343;NOTD00225;2343_NOTD00225;JACOB DE WINTER;250;HTR
98;2344;NOTD00226;2344_NOTD00226;JACOB DE WINTER;246;HTR
98;2345;NOTD00227;2345_NOTD00227;JACOB DE WINTER;347;HTR
98;2346;NOTD00228;2346_NOTD00228;JACOB DE WINTER;356;HTR
98;2347;A33516;2347_A33516;JACOB DE WINTER;326;HTR
98;2348;NOTD00229;2348_NOTD00229;JACOB DE WINTER;259;HTR
98;2349;NOTD00230;2349_NOTD00230;JACOB DE WINTER;256;HTR
98;2350;NOTD00231;2350_NOTD00231;JACOB DE WINTER;203;HTR
98;2351;NOTD00232;2351_NOTD00232;JACOB DE WINTER;235;HTR
98;2352;NOTD00233;2352_NOTD00233;JACOB DE WINTER;217;HTR
98;2353;NOTD00234;2353_NOTD00234;JACOB DE WINTER;440;HTR
98;2354;NOTC00102;2354_NOTC00102;JACOB DE WINTER;76;HTR
98;2355;NOTD00235;2355_NOTD00235;JACOB DE WINTER;250;HTR
98;2356;KLAB07937;2356_KLAB07937;JACOB DE WINTER;249;HTR
98;2357;NOTD00236;2357_NOTD00236;JACOB DE WINTER;257;HTR
98;2358;KLAB08993;2358_KLAB08993;JACOB DE WINTER;290;HTR
98;2359;KLAB02344;2359_KLAB02344;JACOB DE WINTER;223;HTR
98;2360;NOTD00237;2360_NOTD00237;JACOB DE WINTER;189;HTR
98;2361;NOTD00238;2361_NOTD00238;JACOB DE WINTER;189;HTR
98;2362;NOTD00239;2362_NOTD00239;JACOB DE WINTER;95;HTR
98;2363;A32568;2363_A32568;JACOB DE WINTER;130;HTR
98;2364;A31967;2364_A31967;JACOB DE WINTER;115;HTR
98;2365;A29385;2365_A29385;JACOB DE WINTER;156;HTR
98;2366;NOTD00240;2366_NOTD00240;JACOB DE WINTER;191;HTR
98;2367;A31919;2367_A31919;JACOB DE WINTER;176;HTR
98;2368;NOTD00241;2368_NOTD00241;JACOB DE WINTER;164;HTR
98;2369;NOTD00242;2369_NOTD00242;JACOB DE WINTER;151;HTR
98;2370;NOTD00243;2370_NOTD00243;JACOB DE WINTER;111;HTR
98;2371;NOTD00244;2371_NOTD00244;JACOB DE WINTER;159;HTR
98;2372;NOTD00245;2372_NOTD00245;JACOB DE WINTER;233;HTR
98;2373;NOTD00246;2373_NOTD00246;JACOB DE WINTER;178;HTR
98;2374;A23382;2374_A23382;JACOB DE WINTER;410;HTR
98;2375;NOTD00247;2375_NOTD00247;JACOB DE WINTER;313;HTR
98;2376;NOTD00248;2376_NOTD00248;JACOB DE WINTER;429;HTR
98;2377;NOTD00249;2377_NOTD00249;JACOB DE WINTER;385;HTR
98;2378;A32533;2378_A32533;JACOB DE WINTER;362;HTR
98;2379;A29347;2379_A29347;JACOB DE WINTER;360;HTR
98;2380;KLAB06717;2380_KLAB06717;JACOB DE WINTER;471;HTR
98;2381;KLAL07785;2381_KLAL07785;JACOB DE WINTER;236;HTR
98;2382;A34709;2382_A34709;JACOB DE WINTER;261;HTR
98;2383;NOTD00251;2383_NOTD00251;JACOB DE WINTER;253;HTR
98;2384;NOTD00252;2384_NOTD00252;JACOB DE WINTER;247;HTR
98;2385;NOTD00253;2385_NOTD00253;JACOB DE WINTER;203;HTR
98;2386;NOTD00254;2386_NOTD00254;JACOB DE WINTER;245;HTR
98;2387;NOTD00255;2387_NOTD00255;JACOB DE WINTER;287;HTR
98;2388;NOTD00256;2388_NOTD00256;JACOB DE WINTER;183;HTR
98;2389;NOTD00257;2389_NOTD00257;JACOB DE WINTER;208;HTR
98;2390;NOTD00258;2390_NOTD00258;JACOB DE WINTER;208;HTR
98;2391;NOTD00259;2391_NOTD00259;JACOB DE WINTER;310;HTR
98;2392;NOTD00260;2392_NOTD00260;JACOB DE WINTER;172;HTR
98;2393;NOTD00261;2393_NOTD00261;JACOB DE WINTER;227;HTR
98;2394;NOTD00262;2394_NOTD00262;JACOB DE WINTER;158;HTR
98;2395;NOTD00263;2395_NOTD00263;JACOB DE WINTER;166;HTR
98;2396;NOTD00264;2396_NOTD00264;JACOB DE WINTER;296;HTR
98;2397;NOTD00265;2397_NOTD00265;JACOB DE WINTER;413;HTR
98;2398;A29600;2398_A29600;JACOB DE WINTER;49;HTR
98;2399;NOTG00007;2399_NOTG00007;JACOB DE WINTER;47;HTR
98;2400;NOTG00008;2400_NOTG00008;JACOB DE WINTER;54;HTR
98;2401;NOTG00009;2401_NOTG00009;JACOB DE WINTER;48;HTR
98;2402;A16096;2402_A16096;JACOB DE WINTER;213;HTR
98;2403;NOTD00266;2403_NOTD00266;JACOB DE WINTER;149;HTR
98;2404;NOTD00267;2404_NOTD00267;JACOB DE WINTER;71;HTR
98;2405;NOTD00268;2405_NOTD00268;JACOB DE WINTER;148;HTR
98;2406;NOTD00269;2406_NOTD00269;JACOB DE WINTER;134;HTR
98;2407;NOTD00270;2407_NOTD00270;JACOB DE WINTER;141;HTR
98;2408;A16098;2408_A16098;JACOB DE WINTER;601;GT
98;2409;A27338;2409_A27338;JACOB DE WINTER;473;GT
98;2410;A27318;2410_A27318;JACOB DE WINTER;617;GT
98;2413;KLAB06742;2413_KLAB06742;JACOB DE WINTER;555;GT
98;2414;A33443;2414_A33443;JACOB DE WINTER;381;GT
98;2415;NOTD00271;2415_NOTD00271;JACOB DE WINTER;375;HTR
98;2416;NOTD00272;2416_NOTD00272;JACOB DE WINTER;286;HTR
98;2417;NOTD00273;2417_NOTD00273;JACOB DE WINTER;273;HTR
98;2418;NOTD00274;2418_NOTD00274;JACOB DE WINTER;193;HTR
98;2419;NOTD00275;2419_NOTD00275;JACOB DE WINTER;184;HTR
131;3028;NOTI00200;3028_NOTI00200;HENRICK VENKEL;81;GT
136;3164;A27328;3164_A27328;JACOB PONDT;575;GT
152;3603;KLAB00114;3603_KLAB00114;ANTHONY VAN DE VEN;110;GT
174;4074;KLAB09735;4074_KLAB09735;DIRK VAN DER GROE;471;HTR
174;4075;NOTA00185;4075_NOTA00185;DIRK VAN DER GROE;493;HTR
174;4076;KLAB08543;4076_KLAB08543;DIRK VAN DER GROE;514;HTR
174;4077;NOTA00186;4077_NOTA00186;DIRK VAN DER GROE;549;HTR
174;4078;NOTA00187;4078_NOTA00187;DIRK VAN DER GROE;658;HTR
174;4079;NOTA00188;4079_NOTA00188;DIRK VAN DER GROE;601;HTR
174;4080;NOTA00189;4080_NOTA00189;DIRK VAN DER GROE;663;HTR
174;4081;NOTA00190;4081_NOTA00190;DIRK VAN DER GROE;700;HTR
174;4082;NOTA00191;4082_NOTA00191;DIRK VAN DER GROE;732;HTR
174;4083;A34485;4083_A34485;DIRK VAN DER GROE;632;HTR
174;4084;NOTA00192;4084_NOTA00192;DIRK VAN DER GROE;918;HTR
174;4085;NOTA00193;4085_NOTA00193;DIRK VAN DER GROE;787;HTR
174;4086;NOTA00194;4086_NOTA00194;DIRK VAN DER GROE;642;HTR
174;4087;NOTA00195;4087_NOTA00195;DIRK VAN DER GROE;486;HTR
174;4088;KLAB09783;4088_KLAB09783;DIRK VAN DER GROE;688;HTR
174;4089;NOTA00196;4089_NOTA00196;DIRK VAN DER GROE;413;HTR
174;4090;NOTA00197;4090_NOTA00197;DIRK VAN DER GROE;554;HTR
174;4092;NOTA00200;4092_NOTA00200;DIRK VAN DER GROE;543;HTR
174;4093;NOTA00201;4093_NOTA00201;DIRK VAN DER GROE;578;HTR
174;4094;NOTA00202;4094_NOTA00202;DIRK VAN DER GROE;555;HTR
174;4095;NOTA00203;4095_NOTA00203;DIRK VAN DER GROE;509;HTR
174;4096;NOTA00204;4096_NOTA00204;DIRK VAN DER GROE;640;HTR
174;4097;NOTA00205;4097_NOTA00205;DIRK VAN DER GROE;595;HTR
174;4098;NOTA00206;4098_NOTA00206;DIRK VAN DER GROE;674;HTR
174;4099;NOTA00207;4099_NOTA00207;DIRK VAN DER GROE;516;HTR
174;4101;A34483;4101_A34483;DIRK VAN DER GROE;657;HTR
174;4102;KLAB08488;4102_KLAB08488;DIRK VAN DER GROE;724;HTR
174;4104;A25517;4104_A25517;DIRK VAN DER GROE;648;HTR
174;4107;NOTA00217;4107_NOTA00217;DIRK VAN DER GROE;629;HTR
174;4108;NOTA00218;4108_NOTA00218;DIRK VAN DER GROE;694;HTR
174;4109;A27081;4109_A27081;DIRK VAN DER GROE;540;HTR
174;4113;NOTA00222;4113_NOTA00222;DIRK VAN DER GROE;511;HTR
174;4114;A25579;4114_A25579;DIRK VAN DER GROE;470;HTR
174;4115;NOTA00223;4115_NOTA00223;DIRK VAN DER GROE;387;HTR
174;4116;A25524;4116_A25524;DIRK VAN DER GROE;479;HTR
174;4117;KLAB01200;4117_KLAB01200;DIRK VAN DER GROE;400;HTR
174;4118;KLAB01196;4118_KLAB01196;DIRK VAN DER GROE;497;HTR
174;4119;NOTA00224;4119_NOTA00224;DIRK VAN DER GROE;514;HTR
174;4120;NOTA00225;4120_NOTA00225;DIRK VAN DER GROE;539;HTR
174;4121;NOTA00226;4121_NOTA00226;DIRK VAN DER GROE;532;HTR
174;4122;KLAB07550;4122_KLAB07550;DIRK VAN DER GROE;469;HTR
174;4123;A25555;4123_A25555;DIRK VAN DER GROE;503;HTR
174;4124;A25559;4124_A25559;DIRK VAN DER GROE;477;HTR
174;4125;NOTA00227;4125_NOTA00227;DIRK VAN DER GROE;448;HTR
174;4126;NOTA00228;4126_NOTA00228;DIRK VAN DER GROE;592;HTR
174;4127;NOTA00229;4127_NOTA00229;DIRK VAN DER GROE;460;HTR
174;4128;NOTA00230;4128_NOTA00230;DIRK VAN DER GROE;485;HTR
174;4129;NOTA00231;4129_NOTA00231;DIRK VAN DER GROE;509;HTR
174;4130;KLAB07553;4130_KLAB07553;DIRK VAN DER GROE;456;HTR
174;4131;A24996;4131_A24996;DIRK VAN DER GROE;413;HTR
174;4132;NOTA00232;4132_NOTA00232;DIRK VAN DER GROE;545;HTR
174;4133;NOTA00233;4133_NOTA00233;DIRK VAN DER GROE;490;HTR
174;4134;KLAB04631;4134_KLAB04631;DIRK VAN DER GROE;456;HTR
174;4135;NOTA00234;4135_NOTA00234;DIRK VAN DER GROE;632;HTR
174;4136;A33519;4136_A33519;DIRK VAN DER GROE;506;HTR
174;4137;NOTA00235;4137_NOTA00235;DIRK VAN DER GROE;397;HTR
174;4138;NOTA00236;4138_NOTA00236;DIRK VAN DER GROE;469;HTR
174;4139;NOTA00237;4139_NOTA00237;DIRK VAN DER GROE;487;HTR
174;4140;NOTA00238;4140_NOTA00238;DIRK VAN DER GROE;491;HTR
174;4141;NOTA00239;4141_NOTA00239;DIRK VAN DER GROE;509;HTR
174;4142;NOTA00240;4142_NOTA00240;DIRK VAN DER GROE;566;HTR
174;4143;NOTA00241;4143_NOTA00241;DIRK VAN DER GROE;418;HTR
174;4145;NOTA00244;4145_NOTA00244;DIRK VAN DER GROE;558;HTR
174;4146;NOTA00245;4146_NOTA00245;DIRK VAN DER GROE;437;HTR
174;4147;NOTA00246;4147_NOTA00246;DIRK VAN DER GROE;597;HTR
174;4148;NOTA00247;4148_NOTA00247;DIRK VAN DER GROE;621;HTR
174;4149;NOTA00248;4149_NOTA00248;DIRK VAN DER GROE;586;HTR
174;4150;NOTA00249;4150_NOTA00249;DIRK VAN DER GROE;490;HTR
174;4151;NOTA00250;4151_NOTA00250;DIRK VAN DER GROE;363;HTR
174;4153;NOTA00253;4153_NOTA00253;DIRK VAN DER GROE;492;HTR
174;4154;NOTA00254;4154_NOTA00254;DIRK VAN DER GROE;396;HTR
174;4155;NOTA00255;4155_NOTA00255;DIRK VAN DER GROE;488;HTR
174;4156;NOTA00256;4156_NOTA00256;DIRK VAN DER GROE;527;HTR
174;4157;NOTA00257;4157_NOTA00257;DIRK VAN DER GROE;623;HTR
174;4158;NOTA00258;4158_NOTA00258;DIRK VAN DER GROE;556;HTR
174;4159;NOTA00259;4159_NOTA00259;DIRK VAN DER GROE;670;HTR
174;4160;NOTA00260;4160_NOTA00260;DIRK VAN DER GROE;648;HTR
174;4161;NOTA00261;4161_NOTA00261;DIRK VAN DER GROE;690;HTR
174;4162;NOTA00262;4162_NOTA00262;DIRK VAN DER GROE;546;HTR
174;4163;NOTA00263;4163_NOTA00263;DIRK VAN DER GROE;552;HTR
174;4164;NOTA00264;4164_NOTA00264;DIRK VAN DER GROE;536;HTR
174;4165;KLAB09785;4165_KLAB09785;DIRK VAN DER GROE;637;HTR
174;4167;A25538;4167_A25538;DIRK VAN DER GROE;704;HTR
174;4168;NOTA00266;4168_NOTA00266;DIRK VAN DER GROE;553;HTR
174;4169;NOTA00267;4169_NOTA00267;DIRK VAN DER GROE;625;HTR
174;4170;NOTA00268;4170_NOTA00268;DIRK VAN DER GROE;532;HTR
174;4173;NOTA00272;4173_NOTA00272;DIRK VAN DER GROE;495;HTR
174;4174;NOTA00273;4174_NOTA00273;DIRK VAN DER GROE;637;HTR
174;4175;KLAB07571;4175_KLAB07571;DIRK VAN DER GROE;603;HTR
174;4176;A25411;4176_A25411;DIRK VAN DER GROE;542;HTR
174;4177;NOTA00274;4177_NOTA00274;DIRK VAN DER GROE;357;HTR
174;4178;KLAB08227;4178_KLAB08227;DIRK VAN DER GROE;298;HTR
174;4179;KLAB08217;4179_KLAB08217;DIRK VAN DER GROE;394;HTR
174;4180;NOTA00275;4180_NOTA00275;DIRK VAN DER GROE;588;HTR
174;4183;A34466;4183_A34466;DIRK VAN DER GROE;543;HTR
174;4184;KLAB04850;4184_KLAB04850;DIRK VAN DER GROE;527;HTR
174;4185;NOTA00279;4185_NOTA00279;DIRK VAN DER GROE;608;HTR
174;4188;KLAB09725;4188_KLAB09725;DIRK VAN DER GROE;568;HTR
174;4189;KLAB07933;4189_KLAB07933;DIRK VAN DER GROE;584;HTR
174;4190;KLAB09132;4190_KLAB09132;DIRK VAN DER GROE;356;HTR
174;4191;KLAB09140;4191_KLAB09140;DIRK VAN DER GROE;503;HTR
174;4192;KLAC00868;4192_KLAC00868;DIRK VAN DER GROE;536;HTR
174;4193;KLAC00921;4193_KLAC00921;DIRK VAN DER GROE;616;HTR
174;4194;A26006;4194_A26006;DIRK VAN DER GROE;601;HTR
174;4196;KLAB09054;4196_KLAB09054;DIRK VAN DER GROE;640;HTR
174;4197;A26068;4197_A26068;DIRK VAN DER GROE;668;HTR
174;4198;KLAB09111;4198_KLAB09111;DIRK VAN DER GROE;518;HTR
174;4199;KLAB09078;4199_KLAB09078;DIRK VAN DER GROE;580;HTR
174;4200;A35438;4200_A35438;DIRK VAN DER GROE;559;HTR
174;4201;KLAB09249;4201_KLAB09249;DIRK VAN DER GROE;519;HTR
174;4202;KLAB09265;4202_KLAB09265;DIRK VAN DER GROE;511;HTR
174;4203;NOTA00285;4203_NOTA00285;DIRK VAN DER GROE;534;HTR
174;4204;NOTA00286;4204_NOTA00286;DIRK VAN DER GROE;566;HTR
174;4205;NOTA00287;4205_NOTA00287;DIRK VAN DER GROE;650;HTR
174;4206;KLAD00283;4206_KLAD00283;DIRK VAN DER GROE;572;HTR
174;4207;NOTA00288;4207_NOTA00288;DIRK VAN DER GROE;570;HTR
174;4208;KLAD00194;4208_KLAD00194;DIRK VAN DER GROE;626;HTR
174;4209;NOTA00289;4209_NOTA00289;DIRK VAN DER GROE;455;HTR
174;4210;NOTA00290;4210_NOTA00290;DIRK VAN DER GROE;671;HTR
174;4211;A26270;4211_A26270;DIRK VAN DER GROE;623;HTR
174;4212;KLAB05848;4212_KLAB05848;DIRK VAN DER GROE;620;HTR
174;4213;KLAB05936;4213_KLAB05936;DIRK VAN DER GROE;494;HTR
174;4214;NOTA00291;4214_NOTA00291;DIRK VAN DER GROE;635;HTR
174;4217;NOTA00296;4217_NOTA00296;DIRK VAN DER GROE;492;HTR
174;4219;NOTA00299;4219_NOTA00299;DIRK VAN DER GROE;536;HTR
174;4220;NOTA00300;4220_NOTA00300;DIRK VAN DER GROE;533;HTR
174;4221;NOTA00301;4221_NOTA00301;DIRK VAN DER GROE;560;HTR
174;4222;NOTA00302;4222_NOTA00302;DIRK VAN DER GROE;503;HTR
174;4225;NOTA00307;4225_NOTA00307;DIRK VAN DER GROE;517;HTR
174;4226;NOTA00308;4226_NOTA00308;DIRK VAN DER GROE;452;HTR
174;4227;NOTA00309;4227_NOTA00309;DIRK VAN DER GROE;550;HTR
174;4228;NOTA00310;4228_NOTA00310;DIRK VAN DER GROE;648;HTR
174;4229;NOTA00311;4229_NOTA00311;DIRK VAN DER GROE;673;HTR
174;4230;NOTA00312;4230_NOTA00312;DIRK VAN DER GROE;509;HTR
174;4231;KLAB06435;4231_KLAB06435;DIRK VAN DER GROE;646;HTR
174;4232;NOTA00313;4232_NOTA00313;DIRK VAN DER GROE;558;HTR
174;4233;NOTA00314;4233_NOTA00314;DIRK VAN DER GROE;581;HTR
174;4234;NOTA00315;4234_NOTA00315;DIRK VAN DER GROE;535;HTR
174;4235;NOTA00316;4235_NOTA00316;DIRK VAN DER GROE;565;HTR
174;4236;KLAB03580;4236_KLAB03580;DIRK VAN DER GROE;528;HTR
174;4237;NOTA00317;4237_NOTA00317;DIRK VAN DER GROE;550;HTR
174;4238;NOTA00318;4238_NOTA00318;DIRK VAN DER GROE;553;HTR
174;4239;NOTA00319;4239_NOTA00319;DIRK VAN DER GROE;547;HTR
174;4240;KLAB07075;4240_KLAB07075;DIRK VAN DER GROE;405;HTR
174;4241;NOTA00320;4241_NOTA00320;DIRK VAN DER GROE;546;GT
174;4242;NOTA00321;4242_NOTA00321;DIRK VAN DER GROE;485;HTR
174;4243;NOTA00322;4243_NOTA00322;DIRK VAN DER GROE;433;HTR
174;4244;NOTA00323;4244_NOTA00323;DIRK VAN DER GROE;469;HTR
174;4245;KLAC01074;4245_KLAC01074;DIRK VAN DER GROE;598;HTR
174;4246;A34428;4246_A34428;DIRK VAN DER GROE;642;HTR
174;4247;KLAB03728;4247_KLAB03728;DIRK VAN DER GROE;603;HTR
174;4248;KLAB03730;4248_KLAB03730;DIRK VAN DER GROE;682;HTR
174;4249;A35005;4249_A35005;DIRK VAN DER GROE;467;HTR
174;4250;KLAB03436;4250_KLAB03436;DIRK VAN DER GROE;563;HTR
174;4251;NOTA00324;4251_NOTA00324;DIRK VAN DER GROE;362;HTR
174;4252;A35011;4252_A35011;DIRK VAN DER GROE;506;HTR
174;4255;NOTA00326;4255_NOTA00326;DIRK VAN DER GROE;366;HTR
174;4256;KLAB08141;4256_KLAB08141;DIRK VAN DER GROE;535;HTR
174;4257;KLAB09642;4257_KLAB09642;DIRK VAN DER GROE;658;HTR
174;4258;NOTA00327;4258_NOTA00327;DIRK VAN DER GROE;558;HTR
174;4259;A27948;4259_A27948;DIRK VAN DER GROE;654;HTR
174;4260;KLAB07103;4260_KLAB07103;DIRK VAN DER GROE;293;HTR
174;4261;NOTD02651;4261_NOTD02651;DIRK VAN DER GROE;379;HTR
174;4262;NOTD02652;4262_NOTD02652;DIRK VAN DER GROE;280;HTR
174;4263;A34427;4263_A34427;DIRK VAN DER GROE;188;HTR
174;4264;A34448;4264_A34448;DIRK VAN DER GROE;286;HTR
174;4265;NOTD02653;4265_NOTD02653;DIRK VAN DER GROE;56;HTR
174;4266;NOTD02654;4266_NOTD02654;DIRK VAN DER GROE;379;HTR
174;4267;NOTD02655;4267_NOTD02655;DIRK VAN DER GROE;370;HTR
174;4268;NOTD02656;4268_NOTD02656;DIRK VAN DER GROE;362;HTR
174;4269;NOTD02657;4269_NOTD02657;DIRK VAN DER GROE;371;HTR
174;4270;NOTD02658;4270_NOTD02658;DIRK VAN DER GROE;363;HTR
174;4271;NOTD02659;4271_NOTD02659;DIRK VAN DER GROE;276;HTR
174;4272;KLAB09801;4272_KLAB09801;DIRK VAN DER GROE;280;HTR
174;4273;KLAB09768;4273_KLAB09768;DIRK VAN DER GROE;276;HTR
174;4274;NOTD02660;4274_NOTD02660;DIRK VAN DER GROE;280;HTR
174;4275;NOTD02661;4275_NOTD02661;DIRK VAN DER GROE;264;HTR
174;4276;NOTD02662;4276_NOTD02662;DIRK VAN DER GROE;272;HTR
174;4277;A34452;4277_A34452;DIRK VAN DER GROE;287;HTR
174;4278;NOTD02663;4278_NOTD02663;DIRK VAN DER GROE;279;HTR
208;5301;NOTD02572;5301_NOTD02572;SIMON VAN SEVENHOVEN;384;GT
261;6924;KLAB05138;6924_KLAB05138;DAVID DES POMMARE;110;GT
265;6972;NOTI00684;6972_NOTI00684;CORNELIS VAN LOON;203;GT
265;7002;NOTI00710;7002_NOTI00710;CORNELIS VAN LOON;330;GT
307;8797;KLAG05844;8797_KLAG05844;JAN BARELS DE JONGE;110;GT
334;10021;NOTA00961;10021_NOTA00961;PHILIP ZWEERTS;270;HTR
334;10022;NOTA00962;10022_NOTA00962;PHILIP ZWEERTS;309;HTR
334;10023;A32476;10023_A32476;PHILIP ZWEERTS;528;HTR
334;10024;KLAC00886;10024_KLAC00886;PHILIP ZWEERTS;269;HTR
334;10025;NOTA00963;10025_NOTA00963;PHILIP ZWEERTS;373;HTR
334;10026;NOTA00964;10026_NOTA00964;PHILIP ZWEERTS;492;HTR
334;10027;NOTA00965;10027_NOTA00965;PHILIP ZWEERTS;411;HTR
334;10028;NOTA00966;10028_NOTA00966;PHILIP ZWEERTS;603;HTR
334;10029;NOTA00967;10029_NOTA00967;PHILIP ZWEERTS;496;HTR
334;10030;NOTA00968;10030_NOTA00968;PHILIP ZWEERTS;565;HTR
334;10031;NOTA00969;10031_NOTA00969;PHILIP ZWEERTS;456;HTR
334;10032;NOTA00970;10032_NOTA00970;PHILIP ZWEERTS;430;HTR
334;10033;NOTA00971;10033_NOTA00971;PHILIP ZWEERTS;402;HTR
334;10034;NOTA00972;10034_NOTA00972;PHILIP ZWEERTS;267;HTR
334;10035;NOTA00973;10035_NOTA00973;PHILIP ZWEERTS;343;HTR
334;10036;NOTA00974;10036_NOTA00974;PHILIP ZWEERTS;395;HTR
334;10037;NOTA00975;10037_NOTA00975;PHILIP ZWEERTS;546;HTR
334;10038;NOTA00976;10038_NOTA00976;PHILIP ZWEERTS;423;HTR
334;10039;NOTA00977;10039_NOTA00977;PHILIP ZWEERTS;453;HTR
334;10040;NOTA00978;10040_NOTA00978;PHILIP ZWEERTS;367;HTR
334;10041;NOTA00979;10041_NOTA00979;PHILIP ZWEERTS;430;HTR
334;10042;NOTA00980;10042_NOTA00980;PHILIP ZWEERTS;462;HTR
334;10043;KLAB06641;10043_KLAB06641;PHILIP ZWEERTS;406;HTR
334;10044;KLAB02683;10044_KLAB02683;PHILIP ZWEERTS;394;HTR
334;10045;NOTA00981;10045_NOTA00981;PHILIP ZWEERTS;656;HTR
334;10046;NOTA00982;10046_NOTA00982;PHILIP ZWEERTS;755;HTR
334;10047;NOTA00983;10047_NOTA00983;PHILIP ZWEERTS;652;HTR
334;10048;NOTA00984;10048_NOTA00984;PHILIP ZWEERTS;555;HTR
334;10049;NOTA00985;10049_NOTA00985;PHILIP ZWEERTS;618;HTR
334;10050;NOTA00986;10050_NOTA00986;PHILIP ZWEERTS;668;HTR
334;10051;NOTA00987;10051_NOTA00987;PHILIP ZWEERTS;439;HTR
334;10052;NOTA00988;10052_NOTA00988;PHILIP ZWEERTS;541;HTR
334;10053;NOTA00989;10053_NOTA00989;PHILIP ZWEERTS;455;HTR
334;10054;NOTA00990;10054_NOTA00990;PHILIP ZWEERTS;551;HTR
334;10055;NOTA00991;10055_NOTA00991;PHILIP ZWEERTS;350;HTR
334;10056;NOTA00992;10056_NOTA00992;PHILIP ZWEERTS;461;HTR
334;10057;NOTA00993;10057_NOTA00993;PHILIP ZWEERTS;527;HTR
334;10058;NOTA00994;10058_NOTA00994;PHILIP ZWEERTS;498;HTR
334;10059;NOTA00995;10059_NOTA00995;PHILIP ZWEERTS;356;HTR
334;10060;NOTA00996;10060_NOTA00996;PHILIP ZWEERTS;430;HTR
334;10061;NOTA00997;10061_NOTA00997;PHILIP ZWEERTS;839;HTR
334;10062;NOTA00998;10062_NOTA00998;PHILIP ZWEERTS;641;HTR
334;10063;NOTA00999;10063_NOTA00999;PHILIP ZWEERTS;621;HTR
334;10064;NOTA01000;10064_NOTA01000;PHILIP ZWEERTS;548;HTR
334;10065;KLAB07283;10065_KLAB07283;PHILIP ZWEERTS;484;HTR
334;10066;NOTA01001;10066_NOTA01001;PHILIP ZWEERTS;294;HTR
334;10067;NOTA01002;10067_NOTA01002;PHILIP ZWEERTS;182;HTR
342;10298;NOTA01003;10298_NOTA01003;DANIEL VAN DEN BRINK;200;GT
342;10299;NOTA01004;10299_NOTA01004;DANIEL VAN DEN BRINK;598;GT
342;10400;NOTA01099;10400_NOTA01099;DANIEL VAN DEN BRINK;200;GT
342;10661;NOTD03040;10661_NOTD03040;DANIEL VAN DEN BRINK;206;GT
358;11925;KLAB05733;11925_KLAB05733;JAN VERLEIJ;525;GT
371;12788;NOTI01181;12788_NOTI01181;HERMANUS VAN HEEL;500;GT
371;12788;NOTI01181;12788_NOTI01181;HERMANUS VAN HEEL;803;HTR
371;12789;NOTI01182;12789_NOTI01182;HERMANUS VAN HEEL;597;GT
371;12790;NOTJ01580;12790_NOTJ01580;HERMANUS VAN HEEL;653;HTR
371;12791;NOTI01184;12791_NOTI01184;HERMANUS VAN HEEL;477;HTR
371;12792;NOTI01185;12792_NOTI01185;HERMANUS VAN HEEL;389;HTR
371;12793;NOTI01186;12793_NOTI01186;HERMANUS VAN HEEL;506;HTR
371;12794;NOTJ01581;12794_NOTJ01581;HERMANUS VAN HEEL;455;HTR
371;12795;NOTI01188;12795_NOTI01188;HERMANUS VAN HEEL;473;HTR
371;12796;NOTI01189;12796_NOTI01189;HERMANUS VAN HEEL;740;HTR
371;12797;NOTI01190;12797_NOTI01190;HERMANUS VAN HEEL;545;HTR
371;12798;NOTI01191;12798_NOTI01191;HERMANUS VAN HEEL;698;HTR
371;12799;NOTI01192;12799_NOTI01192;HERMANUS VAN HEEL;542;HTR
371;12800;NOTI01193;12800_NOTI01193;HERMANUS VAN HEEL;410;HTR
371;12801;NOTI01194;12801_NOTI01194;HERMANUS VAN HEEL;627;HTR
371;12802;NOTI01195;12802_NOTI01195;HERMANUS VAN HEEL;511;HTR
371;12803;NOTI01196;12803_NOTI01196;HERMANUS VAN HEEL;715;HTR
371;12804;NOTI01197;12804_NOTI01197;HERMANUS VAN HEEL;573;HTR
371;12805;NOTI01198;12805_NOTI01198;HERMANUS VAN HEEL;591;HTR
371;12806;NOTI01199;12806_NOTI01199;HERMANUS VAN HEEL;570;HTR
371;12807;NOTI01200;12807_NOTI01200;HERMANUS VAN HEEL;501;HTR
371;12808;A33456;12808_A33456;HERMANUS VAN HEEL;477;HTR
371;12809;A33401;12809_A33401;HERMANUS VAN HEEL;628;HTR
371;12810;KLAD02203;12810_KLAD02203;HERMANUS VAN HEEL;631;HTR
371;12811;NOTI01201;12811_NOTI01201;HERMANUS VAN HEEL;736;HTR
371;12812;NOTI01202;12812_NOTI01202;HERMANUS VAN HEEL;540;HTR
371;12813;NOTI01203;12813_NOTI01203;HERMANUS VAN HEEL;567;HTR
371;12814;NOTI01204;12814_NOTI01204;HERMANUS VAN HEEL;523;HTR
371;12815;NOTI01205;12815_NOTI01205;HERMANUS VAN HEEL;560;HTR
371;12816;NOTI01206;12816_NOTI01206;HERMANUS VAN HEEL;517;HTR
371;12817;NOTI01207;12817_NOTI01207;HERMANUS VAN HEEL;539;HTR
371;12818;NOTI01208;12818_NOTI01208;HERMANUS VAN HEEL;480;HTR
371;12819;NOTI01209;12819_NOTI01209;HERMANUS VAN HEEL;531;HTR
371;12820;NOTI01210;12820_NOTI01210;HERMANUS VAN HEEL;384;HTR
371;12821;NOTI01211;12821_NOTI01211;HERMANUS VAN HEEL;507;HTR
371;12822;NOTI01212;12822_NOTI01212;HERMANUS VAN HEEL;569;HTR
371;12823;NOTI01213;12823_NOTI01213;HERMANUS VAN HEEL;651;HTR
371;12824;NOTI01214;12824_NOTI01214;HERMANUS VAN HEEL;593;HTR
371;12825;NOTI01215;12825_NOTI01215;HERMANUS VAN HEEL;467;HTR
371;12826;NOTI01216;12826_NOTI01216;HERMANUS VAN HEEL;479;HTR
371;12827;NOTI01217;12827_NOTI01217;HERMANUS VAN HEEL;513;HTR
371;12828;NOTI01218;12828_NOTI01218;HERMANUS VAN HEEL;436;HTR
371;12829;NOTI01091;12829_NOTI01091;HERMANUS VAN HEEL;542;HTR
371;12830;NOTI01092;12830_NOTI01092;HERMANUS VAN HEEL;596;HTR
371;12831;KLAB03054;12831_KLAB03054;HERMANUS VAN HEEL;681;HTR
371;12832;NOTI01093;12832_NOTI01093;HERMANUS VAN HEEL;550;HTR
371;12833;NOTI01094;12833_NOTI01094;HERMANUS VAN HEEL;591;HTR
371;12834;NOTI01095;12834_NOTI01095;HERMANUS VAN HEEL;585;HTR
371;12835;NOTI01096;12835_NOTI01096;HERMANUS VAN HEEL;586;HTR
371;12836;NOTI01097;12836_NOTI01097;HERMANUS VAN HEEL;572;HTR
371;12837;NOTI01098;12837_NOTI01098;HERMANUS VAN HEEL;596;HTR
371;12838;A22275;12838_A22275;HERMANUS VAN HEEL;592;HTR
371;12839;NOTI01099;12839_NOTI01099;HERMANUS VAN HEEL;638;HTR
371;12840;NOTI01100;12840_NOTI01100;HERMANUS VAN HEEL;635;HTR
371;12841;NOTI01101;12841_NOTI01101;HERMANUS VAN HEEL;670;HTR
371;12842;NOTI01102;12842_NOTI01102;HERMANUS VAN HEEL;632;HTR
371;12843;NOTI01103;12843_NOTI01103;HERMANUS VAN HEEL;586;HTR
371;12844;NOTI01104;12844_NOTI01104;HERMANUS VAN HEEL;575;HTR
371;12845;NOTI01105;12845_NOTI01105;HERMANUS VAN HEEL;672;HTR
371;12846;NOTI01106;12846_NOTI01106;HERMANUS VAN HEEL;588;HTR
371;12847;NOTI01107;12847_NOTI01107;HERMANUS VAN HEEL;686;HTR
371;12848;NOTI01108;12848_NOTI01108;HERMANUS VAN HEEL;700;HTR
371;12849;KLAB09039;12849_KLAB09039;HERMANUS VAN HEEL;662;HTR
371;12850;NOTI01109;12850_NOTI01109;HERMANUS VAN HEEL;642;HTR
371;12851;NOTI01110;12851_NOTI01110;HERMANUS VAN HEEL;680;HTR
371;12852;NOTI01111;12852_NOTI01111;HERMANUS VAN HEEL;537;HTR
371;12853;KLAG03569;12853_KLAG03569;HERMANUS VAN HEEL;739;HTR
371;12854;NOTI01112;12854_NOTI01112;HERMANUS VAN HEEL;986;HTR
371;12855;NOTI01113;12855_NOTI01113;HERMANUS VAN HEEL;645;HTR
371;12856;NOTI01114;12856_NOTI01114;HERMANUS VAN HEEL;691;HTR
371;12857;NOTI01115;12857_NOTI01115;HERMANUS VAN HEEL;656;HTR
371;12858;NOTG00021;12858_NOTG00021;HERMANUS VAN HEEL;840;HTR
371;12859;KLAB08114;12859_KLAB08114;HERMANUS VAN HEEL;684;HTR
371;12860;NOTI01116;12860_NOTI01116;HERMANUS VAN HEEL;577;HTR
371;12861;NOTI01117;12861_NOTI01117;HERMANUS VAN HEEL;622;HTR
371;12862;NOTI01118;12862_NOTI01118;HERMANUS VAN HEEL;716;HTR
371;12863;A29378;12863_A29378;HERMANUS VAN HEEL;868;HTR
371;12864;NOTI01119;12864_NOTI01119;HERMANUS VAN HEEL;682;HTR
371;12865;NOTI01120;12865_NOTI01120;HERMANUS VAN HEEL;751;HTR
371;12866;NOTG00022;12866_NOTG00022;HERMANUS VAN HEEL;700;HTR
371;12867;NOTI01121;12867_NOTI01121;HERMANUS VAN HEEL;826;HTR
371;12868;NOTI01122;12868_NOTI01122;HERMANUS VAN HEEL;604;HTR
371;12869;NOTG00023;12869_NOTG00023;HERMANUS VAN HEEL;600;HTR
371;12870;NOTI01123;12870_NOTI01123;HERMANUS VAN HEEL;640;HTR
371;12871;NOTI01124;12871_NOTI01124;HERMANUS VAN HEEL;703;HTR
371;12872;NOTI01125;12872_NOTI01125;HERMANUS VAN HEEL;571;HTR
371;12873;NOTI01126;12873_NOTI01126;HERMANUS VAN HEEL;762;HTR
371;12874;NOTI01127;12874_NOTI01127;HERMANUS VAN HEEL;692;HTR
371;12875;KLAB00116;12875_KLAB00116;HERMANUS VAN HEEL;686;HTR
371;12876;NOTI01219;12876_NOTI01219;HERMANUS VAN HEEL;486;HTR
371;12877;NOTI01220;12877_NOTI01220;HERMANUS VAN HEEL;657;HTR
371;12878;NOTI01221;12878_NOTI01221;HERMANUS VAN HEEL;573;HTR
371;12879;NOTI01222;12879_NOTI01222;HERMANUS VAN HEEL;677;HTR
371;12880;NOTI01223;12880_NOTI01223;HERMANUS VAN HEEL;533;HTR
371;12881;NOTI01224;12881_NOTI01224;HERMANUS VAN HEEL;672;HTR
371;12882;NOTI01225;12882_NOTI01225;HERMANUS VAN HEEL;705;HTR
371;12883;NOTI01226;12883_NOTI01226;HERMANUS VAN HEEL;825;HTR
371;12884;NOTI01227;12884_NOTI01227;HERMANUS VAN HEEL;394;HTR
377;13131;A31239;13131_A31239;CORNELIS STAAL;933;GT
377;13132;KLAC01201;13132_KLAC01201;CORNELIS STAAL;748;GT
377;13133;KLAC01152;13133_KLAC01152;CORNELIS STAAL;538;GT
377;13134;KLAC01199;13134_KLAC01199;CORNELIS STAAL;534;GT
390;14255;KLAC00384;14255_KLAC00384;HENDRIK DANIEL VAN HOORN;545;HTR
390;14256;KLAC00452;14256_KLAC00452;HENDRIK DANIEL VAN HOORN;708;HTR
390;14257;KLAC00451;14257_KLAC00451;HENDRIK DANIEL VAN HOORN;686;HTR
390;14258;KLAC00437;14258_KLAC00437;HENDRIK DANIEL VAN HOORN;704;HTR
390;14259;KLAC00463;14259_KLAC00463;HENDRIK DANIEL VAN HOORN;634;HTR
390;14260;KLAC00458;14260_KLAC00458;HENDRIK DANIEL VAN HOORN;627;GT
390;14261;KLAC00470;14261_KLAC00470;HENDRIK DANIEL VAN HOORN;544;HTR
390;14262;KLAC00396;14262_KLAC00396;HENDRIK DANIEL VAN HOORN;325;HTR
390;14263;KLAC00391;14263_KLAC00391;HENDRIK DANIEL VAN HOORN;677;HTR
390;14264;KLAC00371;14264_KLAC00371;HENDRIK DANIEL VAN HOORN;463;HTR
390;14265;KLAC00421;14265_KLAC00421;HENDRIK DANIEL VAN HOORN;567;HTR
390;14266;KLAC00655;14266_KLAC00655;HENDRIK DANIEL VAN HOORN;483;HTR
390;14267;KLAC00675;14267_KLAC00675;HENDRIK DANIEL VAN HOORN;490;HTR
390;14268;KLAC00678;14268_KLAC00678;HENDRIK DANIEL VAN HOORN;698;HTR
390;14269;KLAC00687;14269_KLAC00687;HENDRIK DANIEL VAN HOORN;912;HTR
390;14270;KLAC00715;14270_KLAC00715;HENDRIK DANIEL VAN HOORN;701;HTR
390;14271;KLAC00736;14271_KLAC00736;HENDRIK DANIEL VAN HOORN;795;HTR
390;14272;KLAC00814;14272_KLAC00814;HENDRIK DANIEL VAN HOORN;513;HTR
390;14273;KLAC00769;14273_KLAC00769;HENDRIK DANIEL VAN HOORN;505;HTR
390;14274;KLAC00822;14274_KLAC00822;HENDRIK DANIEL VAN HOORN;754;HTR
390;14275;KLAC01158;14275_KLAC01158;HENDRIK DANIEL VAN HOORN;218;GT
390;14276;KLAC01163;14276_KLAC01163;HENDRIK DANIEL VAN HOORN;246;HTR
54;1373A;NOTC00997;1373A_NOTC00997;HENDRIK SCHAEF;52;HTR
54;1373B;NOTC00998;1373B_NOTC00998;HENDRIK SCHAEF;55;HTR
54;1373C;NOTC00999;1373C_NOTC00999;HENDRIK SCHAEF;58;HTR
54;1373D;NOTC01000;1373D_NOTC01000;HENDRIK SCHAEF;36;HTR
54;1373E;KLAG03197;1373E_KLAG03197;HENDRIK SCHAEF;52;HTR
54;1373F;NOTC01001;1373F_NOTC01001;HENDRIK SCHAEF;27;HTR
54;1373G;NOTC01002;1373G_NOTC01002;HENDRIK SCHAEF;17;HTR
54;1373H;NOTC01003;1373H_NOTC01003;HENDRIK SCHAEF;11;HTR
54;1373I;KLAG05143;1373I_KLAG05143;HENDRIK SCHAEF;34;HTR
54;1373K;NOTC01004;1373K_NOTC01004;HENDRIK SCHAEF;28;HTR
98;2411A;NOTC01139;2411A_NOTC01139;JACOB DE WINTER;305;GT
98;2411B;NOTC01140;2411B_NOTC01140;JACOB DE WINTER;182;GT
98;2412A;A31971;2412A_A31971;JACOB DE WINTER;264;GT
98;2412B;A34977;2412B_A34977;JACOB DE WINTER;253;GT
174;4073A;NOTA00183;4073A_NOTA00183;DIRK VAN DER GROE;454;HTR
174;4073B;NOTA00184;4073B_NOTA00184;DIRK VAN DER GROE;499;HTR
174;4091A;NOTA00198;4091A_NOTA00198;DIRK VAN DER GROE;368;HTR
174;4091B;NOTA00199;4091B_NOTA00199;DIRK VAN DER GROE;415;HTR
174;4100A;NOTA00209;4100A_NOTA00209;DIRK VAN DER GROE;389;HTR
174;4100B;A34484;4100B_A34484;DIRK VAN DER GROE;349;HTR
174;4103A;NOTA00211;4103A_NOTA00211;DIRK VAN DER GROE;358;HTR
174;4103B;NOTA00210;4103B_NOTA00210;DIRK VAN DER GROE;388;HTR
174;4105A;NOTA00214;4105A_NOTA00214;DIRK VAN DER GROE;335;HTR
174;4105B;KLAB08974;4105B_KLAB08974;DIRK VAN DER GROE;348;HTR
174;4106A;KLAB08944;4106A_KLAB08944;DIRK VAN DER GROE;394;HTR
174;4106B;NOTA00215;4106B_NOTA00215;DIRK VAN DER GROE;386;HTR
174;4110A;A27089;4110A_A27089;DIRK VAN DER GROE;378;HTR
174;4110B;A27073;4110B_A27073;DIRK VAN DER GROE;441;HTR
174;4111A;A27085;4111A_A27085;DIRK VAN DER GROE;350;HTR
174;4111B;A27094;4111B_A27094;DIRK VAN DER GROE;349;HTR
174;4112A;A27103;4112A_A27103;DIRK VAN DER GROE;338;HTR
174;4112B;A27090;4112B_A27090;DIRK VAN DER GROE;383;HTR
174;4144A;NOTA00243;4144A_NOTA00243;DIRK VAN DER GROE;285;HTR
174;4144B;NOTA00242;4144B_NOTA00242;DIRK VAN DER GROE;335;HTR
174;4152A;NOTA00252;4152A_NOTA00252;DIRK VAN DER GROE;331;HTR
174;4152B;NOTA00251;4152B_NOTA00251;DIRK VAN DER GROE;326;HTR
174;4166A;NOTA00265;4166A_NOTA00265;DIRK VAN DER GROE;496;HTR
174;4166B;A25532;4166B_A25532;DIRK VAN DER GROE;365;HTR
174;4171A;NOTA00269;4171A_NOTA00269;DIRK VAN DER GROE;414;HTR
174;4171B;NOTA00270;4171B_NOTA00270;DIRK VAN DER GROE;318;HTR
174;4172A;A34461;4172A_A34461;DIRK VAN DER GROE;338;HTR
174;4172B;NOTA00271;4172B_NOTA00271;DIRK VAN DER GROE;281;HTR
174;4181A;NOTA00277;4181A_NOTA00277;DIRK VAN DER GROE;377;HTR
174;4181B;NOTA00276;4181B_NOTA00276;DIRK VAN DER GROE;288;HTR
174;4182A;KLAB09727;4182A_KLAB09727;DIRK VAN DER GROE;258;HTR
174;4182B;NOTA00278;4182B_NOTA00278;DIRK VAN DER GROE;406;HTR
174;4186A;NOTA00281;4186A_NOTA00281;DIRK VAN DER GROE;396;HTR
174;4186B;NOTA00280;4186B_NOTA00280;DIRK VAN DER GROE;310;HTR
174;4187A;NOTA00283;4187A_NOTA00283;DIRK VAN DER GROE;290;HTR
174;4187B;NOTA00282;4187B_NOTA00282;DIRK VAN DER GROE;419;HTR
174;4195A;NOTA00284;4195A_NOTA00284;DIRK VAN DER GROE;385;HTR
174;4195B;KLAB09105;4195B_KLAB09105;DIRK VAN DER GROE;399;HTR
174;4215A;NOTA00292;4215A_NOTA00292;DIRK VAN DER GROE;377;HTR
174;4215B;NOTA00293;4215B_NOTA00293;DIRK VAN DER GROE;434;HTR
174;4216A;NOTA00294;4216A_NOTA00294;DIRK VAN DER GROE;387;HTR
174;4216B;NOTA00295;4216B_NOTA00295;DIRK VAN DER GROE;429;HTR
174;4218A;NOTA00298;4218A_NOTA00298;DIRK VAN DER GROE;396;HTR
174;4218B;NOTA00297;4218B_NOTA00297;DIRK VAN DER GROE;329;HTR
174;4223A;NOTA00304;4223A_NOTA00304;DIRK VAN DER GROE;349;HTR
174;4223B;NOTA00303;4223B_NOTA00303;DIRK VAN DER GROE;340;HTR
174;4224A;NOTA00305;4224A_NOTA00305;DIRK VAN DER GROE;355;HTR
174;4224B;NOTA00306;4224B_NOTA00306;DIRK VAN DER GROE;409;HTR
174;4253A;NOTA00325;4253A_NOTA00325;DIRK VAN DER GROE;397;HTR
174;4253B;KLAB05919;4253B_KLAB05919;DIRK VAN DER GROE;389;HTR
174;4254A;A25174;4254A_A25174;DIRK VAN DER GROE;378;HTR
174;4254B;A25145;4254B_A25145;DIRK VAN DER GROE;543;HTR
18;481B;A26334;481B_A26334;PALM MATHIJSZ;326;GT
20;562A;A25337;562A_A25337;JACOB JANSZ WESTFRISIUS;110;GT
300;8304A;VBPD00001;8304A_VBPD00001;WILLEM DE FAY;400;HTR
300;8304B;VBPD00002;8304B_VBPD00002;WILLEM DE FAY;414;HTR
300;8305A;VBPD00003;8305A_VBPD00003;WILLEM DE FAY;394;HTR
300;8305B;VBPD00004;8305B_VBPD00004;WILLEM DE FAY;444;HTR
300;8306A;VBPD00005;8306A_VBPD00005;WILLEM DE FAY;456;HTR
300;8306B;VBPD00006;8306B_VBPD00006;WILLEM DE FAY;426;HTR
300;8307A;VBPD00007;8307A_VBPD00007;WILLEM DE FAY;382;HTR
300;8307B;VBPD00008;8307B_VBPD00008;WILLEM DE FAY;306;HTR
300;8307C;VBPD00009;8307C_VBPD00009;WILLEM DE FAY;464;HTR
300;8308A;VBPD00010;8308A_VBPD00010;WILLEM DE FAY;508;HTR
300;8308B;VBPD00011;8308B_VBPD00011;WILLEM DE FAY;464;HTR